award,feature_set,penalty,l1_ratio,C,n_runs,train_auc_mean,train_auc_std,val_auc_mean,val_auc_std
mvp,baseline,l2,,0.01,5,0.9691165323257278,1.2412670766236366e-16,0.9738955823293172,0.0
mvp,baseline,l2,,0.1,5,0.9750041951405806,0.0,0.9744533690316823,0.0
mvp,baseline,l2,,1.0,5,0.9778062597283863,0.0,0.9736724676483712,0.0
mvp,baseline,l2,,10.0,5,0.9785975500379009,0.0,0.9721106648817491,0.0
