{
  "award": "mip",
  "model": "xgb",
  "train_end": 2018,
  "val_end": 2021,
  "val_aucpr": 0.07350088183421516,
  "val_top1": 0.0,
  "val_mrr": 0.14126984126984124,
  "val_top3": 0.3333333333333333,
  "val_top5": 0.3333333333333333,
  "val_top10": 0.3333333333333333,
  "test_aucpr": 0.4264069264069264,
  "test_top1": 0.3333333333333333,
  "test_mrr": 0.43333333333333335,
  "test_top3": 0.3333333333333333,
  "test_top5": 0.6666666666666666,
  "test_top10": 1.0
}