{
  "award": "dpoy",
  "train_end": 2018,
  "val_end": 2021,
  "val_aucpr": 0.5121951219512195,
  "val_top1": 0.3333333333333333,
  "val_mrr": 0.5133333333333333,
  "val_top3": 0.6666666666666666,
  "val_top5": 0.6666666666666666,
  "val_top10": 0.6666666666666666,
  "test_aucpr": 0.13596491228070173,
  "test_top1": 0.0,
  "test_mrr": 0.19637551990493166,
  "test_top3": 0.3333333333333333,
  "test_top5": 0.3333333333333333,
  "test_top10": 0.3333333333333333
}