{
  "award": "roy",
  "model": "xgb",
  "train_end": 2018,
  "val_end": 2021,
  "val_aucpr": 0.6111111111111112,
  "val_top1": 0.3333333333333333,
  "val_mrr": 0.5833333333333334,
  "val_top3": 0.6666666666666666,
  "val_top5": 1.0,
  "val_top10": 1.0,
  "test_aucpr": 0.7,
  "test_top1": 1.0,
  "test_mrr": 1.0,
  "test_top3": 1.0,
  "test_top5": 1.0,
  "test_top10": 1.0
}