{
  "award": "smoy",
  "train_end": 2018,
  "val_end": 2021,
  "val_aucpr": 0.9166666666666665,
  "val_top1": 0.6666666666666666,
  "val_mrr": 0.8333333333333334,
  "val_top3": 1.0,
  "val_top5": 1.0,
  "val_top10": 1.0,
  "test_aucpr": 0.5111111111111111,
  "test_top1": 0.3333333333333333,
  "test_mrr": 0.5666666666666667,
  "test_top3": 0.6666666666666666,
  "test_top5": 1.0,
  "test_top10": 1.0
}