{
  "award": "mvp",
  "train_end": 2018,
  "val_end": 2021,
  "val_aucpr": 0.19180492709904473,
  "val_top1": 0.3333333333333333,
  "val_mrr": 0.41269841269841273,
  "val_top3": 0.3333333333333333,
  "val_top5": 0.3333333333333333,
  "val_top10": 0.6666666666666666,
  "test_aucpr": 0.40378787878787875,
  "test_top1": 0.5,
  "test_mrr": 0.675,
  "test_top3": 0.75,
  "test_top5": 1.0,
  "test_top10": 1.0
}