{
  "award": "mip",
  "train_end": 2018,
  "val_end": 2021,
  "val_aucpr": 0.1058016058016058,
  "val_top1": 0.0,
  "val_mrr": 0.18903318903318903,
  "val_top3": 0.3333333333333333,
  "val_top5": 0.3333333333333333,
  "val_top10": 0.6666666666666666,
  "test_aucpr": 0.4142156862745098,
  "test_top1": 0.3333333333333333,
  "test_mrr": 0.4166666666666667,
  "test_top3": 0.3333333333333333,
  "test_top5": 0.3333333333333333,
  "test_top10": 0.6666666666666666
}