award,feature_set,model,variant,dropped_cols,n_runs,train_auc_mean,train_auc_std,val_auc_mean,val_auc_std,test_auc_mean,test_auc_std
mip,baseline,logreg_l2,no_bio,10,10,0.9996028131783848,0.0,0.9772727272727272,1.1702778228589004e-16,0.990990990990991,1.1702778228589004e-16
mip,baseline,logreg_l2,no_external_metrics,6,10,0.9995822690324392,0.0,0.9772727272727272,1.1702778228589004e-16,0.992867867867868,1.1702778228589004e-16
mip,baseline,logreg_l2,baseline,0,10,0.9997123819567614,0.0,0.9683441558441558,1.1702778228589004e-16,0.992867867867868,1.1702778228589004e-16
mip,baseline,logreg_l2,no_team_context,0,10,0.9997123819567614,0.0,0.9683441558441558,1.1702778228589004e-16,0.992867867867868,1.1702778228589004e-16
mip,baseline,logreg_l2,no_percentiles,0,10,0.9997123819567614,0.0,0.9683441558441558,1.1702778228589004e-16,0.992867867867868,1.1702778228589004e-16
