award,feature_set,model,variant,dropped_cols,n_runs,train_auc_mean,train_auc_std,val_auc_mean,val_auc_std,test_auc_mean,test_auc_std
mvp,baseline,logreg_l2,baseline,0,5,0.9778062597283863,0.0,0.9736724676483712,0.0,0.9770148216767021,1.2412670766236366e-16
mvp,baseline,logreg_l2,no_team_context,0,5,0.9778062597283863,0.0,0.9736724676483712,0.0,0.9770148216767021,1.2412670766236366e-16
mvp,baseline,logreg_l2,no_external_metrics,3,5,0.9775118765876438,0.0,0.9736724676483712,0.0,0.976667438628995,1.2412670766236366e-16
mvp,baseline,logreg_l2,no_percentiles,0,5,0.9778062597283863,0.0,0.9736724676483712,0.0,0.9770148216767021,1.2412670766236366e-16
mvp,baseline,logreg_l2,no_bio,5,5,0.9773607068667218,0.0,0.9716644355198572,0.0,0.9782885595182955,0.0
