award,model,feature_set,frac,n_seasons,seasons_max,n_train_rows,n_pos,n_neg,train_auc,val_auc,train_auc_mean,train_auc_std,val_auc_mean,val_auc_std,n_runs,status
mvp,logreg_l2,baseline,0.2,5,2000,790,93,697,0.9801298961756222,0.9595046854082998,0.9801298961756222,0.0,0.9595046854082998,0.0,5,ok
mvp,logreg_l2,baseline,0.4,10,2005,1558,173,1385,0.9767033242211139,0.9519187862561356,0.9767033242211139,0.0,0.9519187862561356,1.2412670766236366e-16,5,ok
mvp,logreg_l2,baseline,0.6,15,2010,2389,245,2144,0.9743241699664941,0.961847389558233,0.9743241699664941,0.0,0.961847389558233,1.2412670766236366e-16,5,ok
mvp,logreg_l2,baseline,0.8,20,2015,3213,318,2895,0.976224459869,0.9585006693440429,0.976224459869,0.0,0.9585006693440429,0.0,5,ok
mvp,logreg_l2,baseline,1.0,25,2020,4053,376,3677,0.9778062597283863,0.9736724676483712,0.9778062597283863,0.0,0.9736724676483712,0.0,5,ok
