award,model,feature_set,frac,n_seasons,seasons_max,n_train_rows,n_pos,n_neg,train_auc,val_auc,train_auc_mean,train_auc_std,val_auc_mean,val_auc_std,n_runs,status
mvp,logreg_l1,baseline,0.2,5,2000,790,93,697,0.9651193286126409,0.9748995983935744,0.9651193286126409,0.0,0.9748995983935744,0.0,1,ok
mvp,logreg_l1,baseline,0.4,10,2005,1558,173,1385,0.9664489472256421,0.9686523873270861,0.9664489472256421,0.0,0.9686523873270861,0.0,1,ok
mvp,logreg_l1,baseline,0.6,15,2010,2389,245,2144,0.9653384861407249,0.9733377956269522,0.9653384861407249,0.0,0.9733377956269522,0.0,1,ok
mvp,logreg_l1,baseline,0.8,20,2015,3213,318,2895,0.9680277207503721,0.9748995983935742,0.9680277207503721,0.0,0.9748995983935742,0.0,1,ok
mvp,logreg_l1,baseline,1.0,25,2020,4053,376,3677,0.97113236970472,0.9752342704149933,0.97113236970472,0.0,0.9752342704149933,0.0,1,ok
