award,model,feature_set,frac,n_seasons,seasons_max,n_train_rows,n_pos,n_neg,train_auc,val_auc,train_auc_mean,train_auc_std,val_auc_mean,val_auc_std,n_runs,status
mvp,rf,baseline,0.2,5,2000,790,93,697,0.9999969145801515,0.9587237840249889,0.9999969145801515,6.899208520379988e-06,0.9587237840249889,0.004365727784326077,5,ok
mvp,rf,baseline,0.4,10,2005,1558,173,1385,0.999969950543603,0.962405176260598,0.999969950543603,1.1198771198466498e-05,0.962405176260598,0.0011376661119127155,5,ok
mvp,rf,baseline,0.6,15,2010,2389,245,2144,0.99995088333841,0.9613230700580097,0.99995088333841,1.7520675243427004e-05,0.9613230700580097,0.0015222570373418895,5,ok
mvp,rf,baseline,0.8,20,2015,3213,318,2895,0.9999708888671641,0.9696787148594378,0.9999708888671641,9.419616727500814e-06,0.9696787148594378,0.0018472763806526042,5,ok
mvp,rf,baseline,1.0,25,2020,4053,376,3677,0.9999761310966966,0.9696787148594377,0.9999761310966966,2.1087640445857322e-06,0.9696787148594377,0.002145340764756112,5,ok
