award,model,feature_set,frac,n_seasons,seasons_max,n_train_rows,n_pos,n_neg,train_auc,val_auc,train_auc_mean,train_auc_std,val_auc_mean,val_auc_std,n_runs,status
mvp,linear_svm_calibrated,baseline,0.2,5,2000,790,93,697,0.9850511408339889,0.9437751004016064,0.9850511408339889,0.0,0.9437751004016064,0.0,5,ok
mvp,linear_svm_calibrated,baseline,0.4,10,2005,1558,173,1385,0.9805137622336761,0.9494645247657296,0.9805137622336761,0.0,0.9494645247657296,0.0,5,ok
mvp,linear_svm_calibrated,baseline,0.6,15,2010,2389,245,2144,0.9766524520255861,0.9617358322177599,0.9766524520255861,1.2412670766236366e-16,0.9617358322177599,0.0,5,ok
mvp,linear_svm_calibrated,baseline,0.8,20,2015,3213,318,2895,0.977286798970248,0.962293618920125,0.977286798970248,0.0,0.962293618920125,1.2412670766236366e-16,5,ok
mvp,linear_svm_calibrated,baseline,1.0,25,2020,4053,376,3677,0.9790083844947602,0.9759036144578312,0.9790083844947602,0.0,0.9759036144578312,0.0,5,ok
