{
  "award": "smoy",
  "model": "xgb",
  "train_end": 2018,
  "val_end": 2021,
  "val_aucpr": 0.9166666666666665,
  "val_top1": 0.6666666666666666,
  "val_mrr": 0.8333333333333334,
  "val_top3": 1.0,
  "val_top5": 1.0,
  "val_top10": 1.0,
  "test_aucpr": 0.24814814814814815,
  "test_top1": 0.0,
  "test_mrr": 0.31111111111111106,
  "test_top3": 0.6666666666666666,
  "test_top5": 0.6666666666666666,
  "test_top10": 1.0
}